reaction_id,reaction_name,reaction_equation,flux,lower_bound,upper_bound
EX_ca2_e,EX_ca2_e,ca2_e <-- ,-0.002721248520162281,-1000.0,0.0
EX_cl_e,EX_cl_e,cl_e <=> ,-0.0027212485201622808,-1000.0,1000.0
EX_co2_e,EX_co2_e,co2_e <=> ,15.709332695338285,-1000.0,1000.0
EX_cobalt2_e,EX_cobalt2_e,cobalt2_e <=> ,-5.2281431703406e-05,-1000.0,1000.0
EX_cu2_e,EX_cu2_e,cu2_e <=> ,-0.0003706753507771484,-1000.0,1000.0
EX_fe2_e,EX_fe2_e,fe2_e <=> ,-0.0075928323262856486,-1000.0,1000.0
EX_h2o_e,EX_h2o_e,h2o_e <=> ,30.454750573150257,-1000.0,1000.0
EX_h_e,EX_h_e,h_e <=> ,-13.942683793678743,-1000.0,1000.0
EX_k_e,EX_k_e,k_e <=> ,-0.10204969498482923,-1000.0,1000.0
EX_mg2_e,EX_mg2_e,mg2_e <=> ,-0.004535414200270468,-1000.0,1000.0
EX_mn2_e,EX_mn2_e,mn2_e <-- ,-0.00036126469307053556,-1000.0,0.0
EX_nh4_e,EX_nh4_e,nh4_e <=> ,-5.8507695370825905,-1000.0,1000.0
EX_o2_e,EX_o2_e,o2_e <=> ,-14.730589003884136,-100.0,1000.0
EX_pi_e,EX_pi_e,pi_e <=> ,-0.5146401151871961,-1000.0,1000.0
EX_so4_e,EX_so4_e,so4_e <=> ,-0.13072971997437063,-1000.0,1000.0
EX_zn2_e,EX_zn2_e,zn2_e <-- ,-0.00017827968210861443,-1000.0,0.0
ACCOAL,Acetate-CoA ligase (ADP-forming),atp_c + coa_c + ppa_c --> adp_c + pi_c + ppcoa_c,21.63539770397654,0.0,1000.0
ACLS,Acetolactate synthase,h_c + 2.0 pyr_c --> alac__S_c + co2_c,0.4567792090924387,0.0,1000.0
ACLS_d,2-alpha-Hydroxyethylthiamine diphosphate lipoamide,hethmpp_c + lpam_c <=> adhlam_c + thmpp_c,-0.15189272071358836,-1000.0,1000.0
ACOAD5,Acyl-CoA dehydrogenase (dodecanoyl-CoA),ddcacoa_c + nad_c --> dd2coa_c + h_c + nadh_c,11.2911211066981,0.0,1000.0
ACOAD5f,Acyl-CoA dehydrogenase (dodecanoyl-CoA),ddcacoa_c + fad_c <=> dd2coa_c + fadh2_c,-11.2911211066981,-1000.0,1000.0
ACONT,Aconitate hydratase,cit_c <=> icit_c,11.716190581833805,-1000.0,1000.0
ACS,Acetyl-CoA synthetase,ac_c + atp_c + coa_c --> accoa_c + amp_c + ppi_c,19.080465828720396,0.0,1000.0
ADCL,4-aminobenzoate synthase,4adcho_c --> 4abz_c + h_c + pyr_c,0.0003497627780927495,0.0,1000.0
ADCS,4-amino-4-deoxychorismate synthase,chor_c + gln__L_c --> 4adcho_c + glu__L_c,0.0003497627780927495,0.0,1000.0
ADK1,Adenylate kinase,amp_c + atp_c <=> 2.0 adp_c,-1.5026959138492784,-1000.0,1000.0
ADSL1r,Adenylsuccinate lyase,dcamp_c <=> amp_c + fum_c,0.15603863824766742,-1000.0,1000.0
ADSL2r,Adenylosuccinate lyase,25aics_c <=> aicar_c + fum_c,0.23367133618405198,-1000.0,1000.0
ADSS,Adenylosuccinate synthase,asp__L_c + gtp_c + imp_c --> dcamp_c + gdp_c + 2.0 h_c + pi_c,0.15603863824766742,0.0,1000.0
AGPOP,"DGTP:pyruvate 2-O-phosphotransferase, cytosol",dgdp_c + h_c + pep_c --> dgtp_c + pyr_c,0.014124874403309192,0.0,1000.0
AHCi,Adenosylhomocysteinase,ahcys_c + h2o_c <=> adn_c + hcys__L_c,-0.00011658759270237012,-1000.0,1000.0
AHSERL2,O acetylhomoserine  thiol  lyase,achms_c + h2s_c --> ac_c + h_c + hcys__L_c,0.08046582872039865,0.0,1000.0
AICART,Phosphoribosylaminoimidazolecarboxamide formyltransferase,10fthf_c + aicar_c <=> fprica_c + thf_c,0.2832017189512247,-1000.0,1000.0
AIRC2,Phosphoribosylaminoimidazole carboxylase,air_c + atp_c + hco3_c --> 5caiz_c + adp_c + h_c + pi_c,0.23367133618405192,0.0,1000.0
AIRC3,Phosphoribosylaminoimidazole carboxylase (mutase rxn),5aizc_c <=> 5caiz_c,-0.2336713361840519,-1000.0,1000.0
AKGDH,2-Oxogluterate dehydrogenase,akg_c + coa_c + nad_c --> co2_c + nadh_c + succoa_c,4.174824009781195,0.0,1000.0
AKGDa,Oxoglutarate dehydrogenase (lipoamide),akg_c + h_c + lpam_c <=> co2_c + sdhlam_c,0.15189272071358834,-1000.0,1000.0
AKGDb,Oxoglutarate dehydrogenase (dihydrolipoamide S-succinyltransferase),coa_c + sdhlam_c --> dhlam_c + succoa_c,0.15189272071358834,0.0,1000.0
ALAALAr,D-alanine-D-alanine ligase (reversible),2.0 ala__D_c + atp_c <=> adp_c + alaala_c + h_c + pi_c,0.052281431703405976,-1000.0,1000.0
ALAR,Alanine racemase,ala__L_c <=> ala__D_c,0.15684429511021794,-1000.0,1000.0
ALATA_D,D-alanine transaminase,akg_c + ala__D_c <=> glu__D_c + pyr_c,0.052281431703405976,-1000.0,1000.0
ALATA_L,L-alanine transaminase,akg_c + ala__L_c <=> glu__L_c + pyr_c,-0.4775731029238344,-1000.0,1000.0
AMPMS2,4-amino-2-methyl-5-phosphomethylpyrimidine synthetase,air_c + h2o_c + nad_c --> 4ampm_c + 2.0 for_c + 3.0 h_c + nadh_c,0.00011658759269859532,0.0,1000.0
ANPRT,Anthranilate phosphoribosyltransferase,anth_c + prpp_c --> ppi_c + pran_c,0.029718334223167067,0.0,1000.0
ANS2,Anthranilate synthase 2,chor_c + nh4_c --> anth_c + h2o_c + h_c + pyr_c,0.029718334223167064,0.0,1000.0
APAT_1,,atp_c + ppa_c <=> ppad_c + ppi_c,-21.63539770397654,-1000.0,1000.0
APRAUR,5-amino-6-(5-phosphoribosylamino)uracil reductase,5apru_c + h_c + nadph_c --> 5aprbu_c + nadp_c,0.00023317518539719062,0.0,1000.0
ARGSL,Argininosuccinate lyase,argsuc_c <=> arg__L_c + fum_c,0.1546442924641424,-1000.0,1000.0
ARGSS,Argininosuccinate synthase,asp__L_c + atp_c + citr__L_c --> amp_c + argsuc_c + h_c + ppi_c,0.15464429246414244,0.0,1000.0
AROAT,Prephenate transaminase,glu__L_c + h_c + pphn_c <=> Largn_c + akg_c,0.09685919444531509,-1000.0,1000.0
AROH,L-Arogenate hydro-lyase,Largn_c --> co2_c + h2o_c + phe__L_c,0.09685919444531507,0.0,1000.0
ASAD,Aspartate-semialdehyde dehydrogenase,aspsa_c + nadp_c + pi_c <=> 4pasp_c + h_c + nadph_c,-0.5966806606305353,-1000.0,1000.0
ASNS2,Asparagine synthetase,asp__L_c + atp_c + nh4_c --> amp_c + asn__L_c + h_c + ppi_c,0.12602700519264526,0.0,1000.0
ASPCT,Aspartate carbamoyltransferase,asp__L_c + cbp_c --> cbasp_c + h_c + pi_c,0.17294436200328187,0.0,1000.0
ASPK,Aspartate kinase,asp__L_c + atp_c <=> 4pasp_c + adp_c,0.5966806606305352,-1000.0,1000.0
ASPTA,Aspartate transaminase,akg_c + asp__L_c <=> glu__L_c + oaa_c,-1.566033299914968,-1000.0,1000.0
ATPPRT,ATP phosphoribosyltransferase,atp_c + prpp_c --> ppi_c + prbatp_c,0.049530382767172774,0.0,1000.0
ATPS4rpp,ATP synthase (four protons for one ATP) (periplasm),adp_c + 4.0 h_p + pi_c <=> atp_c + h2o_c + 3.0 h_c,54.87783225179633,-1000.0,1000.0
CAT,Catalase,2.0 h2o2_c --> 2.0 h2o_c + o2_c,5.829379635307248e-05,0.0,1000.0
CAt6,CAt6,ca2_c + na1_e <=> ca2_e + na1_c,-0.002721248520162281,-1000.0,1000.0
CBPS,Carbamoyl-phosphate synthase (glutamine-hydrolysing),2.0 atp_c + gln__L_c + h2o_c + hco3_c --> 2.0 adp_c + cbp_c + glu__L_c + 2.0 h_c + pi_c,0.3275886544674243,0.0,1000.0
CDPMEK,4-(cytidine 5'-diphospho)-2-C-methyl-D-erythritol kinase,4c2me_c + atp_c --> 2p4c2me_c + adp_c + h_c,0.5750957487374655,0.0,1000.0
CHORM,Chorismate mutase,chor_c --> pphn_c,0.16906978509974238,0.0,1000.0
CHORS,Chorismate synthase,3psme_c --> chor_c + pi_c,0.1991378821010022,0.0,1000.0
CO2t,CO2 transporter via diffusion,co2_e <=> co2_c,-15.709332695338285,-1000.0,1000.0
COBALTt5,Cobalt (Co+2) transport via diffusion (extracellular to cytoplasm),cobalt2_c <=> cobalt2_e,-5.2281431703406e-05,-1000.0,1000.0
CS,Citrate synthase,accoa_c + h2o_c + oaa_c --> cit_c + coa_c + h_c,11.716190581833807,0.0,1000.0
CTPS1,CTP synthase  NH3,atp_c + nh4_c + utp_c --> adp_c + ctp_c + 2.0 h_c + pi_c,0.08392476824189245,0.0,1000.0
CYS,L-cysteine,h2s_c + ser__L_c <=> cys__L_c + h2o_c,0.04799592274667778,-1000.0,1000.0
CYTBD2,CYTBD2,2.0 h_c + mql8_c + 0.5 o2_c --> h2o_c + 2.0 h_e + mqn8_c,0.0002974813463893435,0.0,1000.0
CYTBO3_4pp,Cytochrome oxidase bo3 (ubiquinol-8: 4 protons) (periplasm),4.0 h_c + 0.5 o2_c + q8h2_c --> h2o_c + 4.0 h_p + q8_c,29.45872287173547,0.0,1000.0
CYTK1,Cytidylate kinase (CMP),atp_c + cmp_c <=> adp_c + cdp_c,0.5750957487374655,-1000.0,1000.0
Clt,Major Facilitator(MFS) TCDB:2.A.1.14.6,cl_e <=> cl_c,0.0027212485201622808,-1000.0,1000.0
DAPDC,Diaminopimelate decarboxylase,26dap__M_c + h_c --> co2_c + lys__L_c,0.17940948384772493,0.0,1000.0
DAPE,Diaminopimelate epimerase,26dap_LL_c <=> 26dap__M_c,0.23169091555113092,-1000.0,1000.0
DB4PS,"3,4-Dihydroxy-2-butanone-4-phosphate synthase",ru5p__D_c --> db4p_c + for_c,0.0004663503707943813,0.0,1000.0
DDPA,3-deoxy-D-arabino-heptulosonate 7-phosphate synthetase,e4p_c + h2o_c + pep_c --> 2dda7p_c + pi_c,0.1991378821010022,0.0,1000.0
DHAD2,"Dihydroxy-acid dehydratase (2,3-dihydroxy-3-methylpentanoate)",23dhmp_c --> 3mop_c + h2o_c,0.15189272071358836,0.0,1000.0
DHDPRy,Dihydrodipicolinate reductase (NADPH),23dhdp_c + h_c + nadph_c --> nadp_c + thdp_c,0.2316909155511309,0.0,1000.0
DHDPS,Dihydrodipicolinate synthase,aspsa_c + pyr_c --> 23dhdp_c + 2.0 h2o_c + h_c,0.2316909155511309,0.0,1000.0
DHFR,Dihydrofolate reductase,dhf_c + h_c + nadph_c <=> nadp_c + thf_c,0.014029722197605964,-1000.0,1000.0
DHFS,Dihydrofolate synthase,atp_c + dhpt_c + glu__L_c --> adp_c + dhf_c + h_c + pi_c,0.0003497627780927566,0.0,1000.0
DHNPA_1,Dihydroneopterin aldolase,dhnpt_c --> 2ahhmp_c + gcald_c,0.00034976277809274956,0.0,1000.0
DHORDfum,Fumarate dependent DHORD,dhor__S_c + fum_c --> orot_c + succ_c,0.17294436200328195,0.0,1000.0
DHORTS,Dihydroorotase,dhor__S_c + h2o_c <=> cbasp_c + h_c,-0.17294436200328184,-1000.0,1000.0
DHPPDA,Diaminohydroxyphosphoribosylaminopyrimidine deaminase,25dhpp_c + h2o_c + h_c --> 5apru_c + nh4_c,0.00023317518539719062,0.0,1000.0
DHPS,Dihydropteroate synthase,2ahhmp_c + 4abz_c --> dhpt_c + h2o_c,0.0003497627780927495,0.0,1000.0
DHQS,3-dehydroquinate synthase,2dda7p_c --> 3dhq_c + pi_c,0.19913788210100222,0.0,1000.0
DHQTi,"3-dehydroquinate dehydratase, irreversible",3dhq_c --> 3dhsk_c + h2o_c,0.1991378821010022,0.0,1000.0
DMATT,Dimethylallyltranstransferase,dmpp_c + ipdp_c --> grdp_c + ppi_c,0.052281431703405955,0.0,1000.0
DMPPS,1-hydroxy-2-methyl-2-(E)-butenyl 4-diphosphate reductase (dmpp),h2mb4p_c + h_c + nadh_c --> dmpp_c + h2o_c + nad_c,0.05228143170340595,0.0,1000.0
DNMPPA,Dihydroneopterin monophosphate dephosphorylase,dhpmp_c + h2o_c --> dhnpt_c + pi_c,0.0003497627780927496,0.0,1000.0
DNTPPA,Dihydroneopterin triphosphate pyrophosphatase,ahdt_c + h2o_c --> dhpmp_c + h_c + ppi_c,0.0003497627780927496,0.0,1000.0
DTMPK,DTMP kinase,atp_c + dtmp_c <=> adp_c + dtdp_c,0.013679959419513206,-1000.0,1000.0
DXPRIi,1-deoxy-D-xylulose reductoisomerase,dxyl5p_c + h_c + nadph_c --> 2me4p_c + nadp_c,0.5750957487374655,0.0,1000.0
DXPS,1-deoxy-D-xylulose 5-phosphate synthase,g3p_c + h_c + pyr_c --> co2_c + dxyl5p_c,0.5753289239228626,0.0,1000.0
E4PD,Erythrose 4-phosphate dehydrogenase,e4p_c + h2o_c + nad_c <=> 4per_c + 2.0 h_c + nadh_c,0.00011658759269859535,-1000.0,1000.0
ENO,Enolase,2pg_c <=> h2o_c + pep_c,-2.6057578790365925,-1000.0,1000.0
FBA,Fructose-bisphosphate aldolase,fdp_c <=> dhap_c + g3p_c,-0.4960732360749859,-1000.0,1000.0
FBP,Fructose-bisphosphatase,fdp_c + h2o_c --> f6p_c + pi_c,0.49607323607498593,0.0,1000.0
FE2t,Iron  II  transport,fe2_e --> fe2_c,0.0075928323262856486,0.0,1000.0
FEROc,Ferroxidase,4.0 fe2_c + 4.0 h_c + o2_c --> 4.0 fe3_c + 2.0 h2o_c,0.0010205335468504845,0.0,1000.0
FMNAT,FMN adenylyltransferase,atp_c + fmn_c + h_c --> fad_c + ppi_c,0.00011658759269859534,0.0,1000.0
FUM,Fumarase,fum_c + h2o_c <=> mal__L_c,11.662531011590696,-1000.0,1000.0
G1PACT,Glucosamine-1-phosphate N-acetyltransferase,accoa_c + gam1p_c --> acgam1p_c + coa_c + h_c,0.10456286340681192,0.0,1000.0
G5SADs,L-glutamate 5-semialdehyde dehydratase (spontaneous),glu5sa_c --> 1pyr5c_c + h2o_c + h_c,0.11557071885196409,0.0,1000.0
G5SD,Glutamate-5-semialdehyde dehydrogenase,glu5p_c + h_c + nadph_c --> glu5sa_c + nadp_c + pi_c,0.2702150113161065,0.0,1000.0
GAPD,Glyceraldehyde-3-phosphate dehydrogenase,g3p_c + nad_c + pi_c <=> 13dpg_c + h_c + nadh_c,-1.8331394830306047,-1000.0,1000.0
GARFT,Phosphoribosylglycinamide formyltransferase,10fthf_c + gar_c <=> fgam_c + h_c + thf_c,0.23250546025706517,-1000.0,1000.0
GART,GAR transformylase-T,atp_c + for_c + gar_c --> adp_c + fgam_c + h_c + pi_c,0.0012824635196854416,0.0,1000.0
GCALDD,Glycolaldehyde dehydrogenase,gcald_c + h2o_c + nad_c --> glyclt_c + 2.0 h_c + nadh_c,0.0003497627780927495,0.0,1000.0
GF6PTA,Glutamine-fructose-6-phosphate transaminase,f6p_c + gln__L_c --> gam6p_c + glu__L_c,0.10456286340681194,0.0,1000.0
GHMT2r,"Glycine hydroxymethyltransferase, reversible",ser__L_c + thf_c <=> gly_c + h2o_c + mlthf_c,0.5820849919347292,-1000.0,1000.0
GK1,Guanylate kinase (GMP:ATP),atp_c + gmp_c <=> adp_c + gdp_c,0.12716308070355725,-1000.0,1000.0
GLNS,Glutamine synthetase,atp_c + glu__L_c + nh4_c --> adp_c + gln__L_c + h_c + pi_c,1.0871913266436861,0.0,1000.0
GLU5K,Glutamate 5-kinase,atp_c + glu__L_c --> adp_c + glu5p_c,0.2702150113161065,0.0,1000.0
GLUDy,Glutamate dehydrogenase (NADP),glu__L_c + h2o_c + nadp_c <=> akg_c + h_c + nadph_c + nh4_c,-4.575681097561266,-1000.0,1000.0
GLUPRT,Glutamine phosphoribosyldiphosphate amidotransferase,gln__L_c + h2o_c + prpp_c --> glu__L_c + ppi_c + pram_c,0.23378792377675062,0.0,1000.0
GLYCL,Glycine Cleavage System,gly_c + nad_c + thf_c --> co2_c + mlthf_c + nadh_c + nh4_c,0.028001150598866275,0.0,1000.0
GLYCTO3,Glycolate oxidase,glyclt_c + mqn8_c --> glx_c + mql8_c,0.0003497627780927495,0.0,1000.0
GMPS,GMP synthase,atp_c + nh4_c + xmp_c --> amp_c + gmp_c + 2.0 h_c + ppi_c,0.12716308070355725,0.0,1000.0
GRTT,Geranyltranstransferase,grdp_c + ipdp_c --> frdp_c + ppi_c,0.05228143170340597,0.0,1000.0
GTPCI,GTP cyclohydrolase I,gtp_c + h2o_c --> ahdt_c + for_c + h_c,0.0003497627780927496,0.0,1000.0
GTPCII,GTP cyclohydrolase II,gtp_c + 3.0 h2o_c --> 25dhpp_c + for_c + 2.0 h_c + ppi_c,0.0002331751853971906,0.0,1000.0
H2Ot,H2O transport via diffusion,h2o_e <=> h2o_c,-30.45475057315025,-1000.0,1000.0
HCO3E,HCO3 equilibration reaction,co2_c + h2o_c <=> h_c + hco3_c,0.5612599906514724,-1000.0,1000.0
HISTD,Histidinol dehydrogenase,h2o_c + histd_c + 2.0 nad_c --> 3.0 h_c + his__L_c + 2.0 nadh_c,0.049530382767172754,0.0,1000.0
HISTP,Histidinol-phosphatase,h2o_c + hisp_c --> histd_c + pi_c,0.049530382767172754,0.0,1000.0
HSDy,Homoserine dehydrogenase (NADPH),hom__L_c + nadp_c <=> aspsa_c + h_c + nadph_c,-0.3649897450794044,-1000.0,1000.0
HSERTA,Homoserine O trans acetylase,accoa_c + hom__L_c --> achms_c + coa_c,0.08046582872039787,0.0,1000.0
HSK,Homoserine kinase,atp_c + hom__L_c --> adp_c + h_c + phom_c,0.2845239163590078,0.0,1000.0
HSTPT,Histidinol-phosphate transaminase,glu__L_c + imacp_c --> akg_c + hisp_c,0.04953038276717277,0.0,1000.0
Htex,Proton transport via diffusion (extracellular to periplasm),h_e <=> h_p,13.300268905037047,-1000.0,1000.0
ICDHx,Isocitrate dehydrogenase (NAD),icit_c + nad_c <=> akg_c + co2_c + nadh_c,-2.813646206520896,-1000.0,1000.0
ICDHyr,Isocitrate dehydrogenase (NADP),icit_c + nadp_c <=> akg_c + co2_c + nadph_c,7.738376774154673,-1000.0,1000.0
ICL,Isocitrate lyase,icit_c --> glx_c + succ_c,6.791460014200029,0.0,1000.0
IG3PS,Imidazole-glycerol-3-phosphate synthase,gln__L_c + prlp_c --> aicar_c + eig3p_c + glu__L_c + h_c,0.04953038276717277,0.0,1000.0
IGPDH,Imidazoleglycerol-phosphate dehydratase,eig3p_c --> h2o_c + imacp_c,0.04953038276717277,0.0,1000.0
IGPS,Indole-3-glycerol-phosphate synthase,2cpr5p_c + h_c --> 3ig3p_c + co2_c + h2o_c,0.029718334223167064,0.0,1000.0
ILETA,Isoleucine transaminase,akg_c + ile__L_c <=> 3mop_c + glu__L_c,-0.15189272071358836,-1000.0,1000.0
IMPC,IMP cyclohydrolase,h2o_c + imp_c <=> fprica_c,-0.28320171895122465,-1000.0,1000.0
IMPD,IMP dehydrogenase,h2o_c + imp_c + nad_c --> h_c + nadh_c + xmp_c,0.12716308070355725,0.0,1000.0
IPDPS,1-hydroxy-2-methyl-2-(E)-butenyl 4-diphosphate reductase (ipdp),h2mb4p_c + h_c + nadh_c --> h2o_c + ipdp_c + nad_c,0.5228143170340597,0.0,1000.0
IPMD,3-isopropylmalate dehydrogenase,3c2hmp_c + nad_c --> 3c4mop_c + h_c + nadh_c,0.23554405706767192,0.0,1000.0
IPPMIa,3-isopropylmalate dehydratase,3c2hmp_c <=> 2ippm_c + h2o_c,-0.23554405706767192,-1000.0,1000.0
IPPMIb,2-isopropylmalate hydratase,2ippm_c + h2o_c <=> 3c3hmp_c,-0.23554405706767192,-1000.0,1000.0
IPPS,2-isopropylmalate synthase,3mob_c + accoa_c + h2o_c --> 3c3hmp_c + coa_c + h_c,0.2355440570676719,0.0,1000.0
KARA2,Ketol-acid reductoisomerase (2-Acetolactate),2ahbut_c + h_c + nadph_c <=> 23dhmp_c + nadp_c,0.15189272071358836,-1000.0,1000.0
Kt1,Potassium transport via uniport (facilitated diffusion),k_e <=> k_c,0.10204969498482923,-1000.0,1000.0
LEUTA,Leucine transaminase,akg_c + leu__L_c <=> 4mop_c + glu__L_c,-0.23554405706767195,-1000.0,1000.0
MALS,Malate synthase,accoa_c + glx_c + h2o_c --> coa_c + h_c + mal__L_c,6.791809776978122,0.0,1000.0
MDH,Malate dehydrogenase,mal__L_c + nad_c <=> h_c + nadh_c + oaa_c,18.454340788568818,-1000.0,1000.0
MECDPDH2,"2C-methyl-D-erythritol 2,4 cyclodiphosphate dehydratase",2mecdp_c + nadh_c --> h2mb4p_c + h2o_c + nad_c,0.5750957487374503,0.0,1000.0
MECDPS,"2-C-methyl-D-erythritol 2,4-cyclodiphosphate synthase",2p4c2me_c --> 2mecdp_c + cmp_c,0.5750957487374655,0.0,1000.0
MEPCT,2-C-methyl-D-erythritol 4-phosphate cytidylyltransferase,2me4p_c + ctp_c + h_c --> 4c2me_c + ppi_c,0.5750957487374655,0.0,1000.0
METS,Methionine synthase,5mthf_c + hcys__L_c --> h_c + met__L_c + thf_c,0.08046582872039813,0.0,1000.0
MGt5,Magnesium transport in/out via permease (no H+),mg2_c <=> mg2_e,-0.004535414200270468,-1000.0,1000.0
MHPGLUT2,5-methyltetrahydropteroyltriglutamate methyltransferase,ahcys_c + h_c + mhpglu_c <=> amet_c + hpglu_c,0.00011658759270237011,-1000.0,1000.0
MNt2,Manganese transport in via proton symport,h_e + mn2_e --> h_c + mn2_c,0.00036126469307053556,0.0,1000.0
MS_1,,hcys__L_c + mhpglu_c <=> hpglu_c + met__L_c,-0.00011658759270237012,-1000.0,1000.0
MTHFC,Methenyltetrahydrofolate cyclohydrolase,h2o_c + methf_c <=> 10fthf_c + h_c,0.5158237668009886,-1000.0,1000.0
MTHFD,Methylenetetrahydrofolate dehydrogenase (NADP),mlthf_c + nadp_c <=> methf_c + nadph_c,0.5158237668009886,-1000.0,1000.0
MTHFR3,5 10 methylenetetrahydrofolatereductase  NADPH,2.0 h_c + mlthf_c + nadph_c --> 5mthf_c + nadp_c,0.08046582872039815,0.0,1000.0
NADH16pp,NADH dehydrogenase (ubiquinone-8 & 3 protons) (periplasm),4.0 h_c + nadh_c + q8_c --> 3.0 h_p + nad_c + q8h2_c,29.458722871735468,0.0,1000.0
NADK,NAD kinase,atp_c + nad_c --> adp_c + h_c + nadp_c,0.00023369799975085675,0.0,1000.0
NADS1,NAD synthase (nh3),atp_c + dnad_c + nh4_c --> amp_c + h_c + nad_c + ppi_c,0.0011909710142403208,0.0,1000.0
NAPRT,NAPRTase (rev),h_c + nac_c + prpp_c <=> nicrnt_c + ppi_c,0.0011909710142403208,-1000.0,1000.0
NDPK1,Nucleoside-diphosphate kinase (ATP:GDP),atp_c + gdp_c <=> adp_c + gtp_c,0.2690768445479155,-1000.0,1000.0
NDPK2,Nucleoside-diphosphate kinase (ATP:UDP),atp_c + udp_c <=> adp_c + utp_c,0.27750722541009376,-1000.0,1000.0
NDPK3,Nucleoside-diphosphate kinase (ATP:CDP),atp_c + cdp_c <=> adp_c + ctp_c,0.5750957487374656,-1000.0,1000.0
NDPK4,Nucleoside-diphosphate kinase (ATP:dTDP),atp_c + dtdp_c <=> adp_c + dttp_c,0.013679959419513207,-1000.0,1000.0
NDPK6,Nucleoside-diphosphate kinase (ATP:dUDP),atp_c + dudp_c <=> adp_c + dutp_c,-0.013679959419513209,-1000.0,1000.0
NH4tex,Ammonia transport via diffusion (extracellular to periplasm),nh4_e <=> nh4_p,5.8507695370825905,-1000.0,1000.0
NH4tpp,Ammonia reversible transport (periplasm),nh4_p <=> nh4_c,5.8507695370825905,-1000.0,1000.0
NNATr,Nicotinate-nucleotide adenylyltransferase,atp_c + h_c + nicrnt_c <=> dnad_c + ppi_c,0.001190971014240321,-1000.0,1000.0
NTD7,5'-nucleotidase (AMP),amp_c + h2o_c --> adn_c + pi_c,0.00011658759270237011,0.0,1000.0
O2tex,Oxygen transport via diffusion (extracellular to periplasm),o2_e <=> o2_p,14.730589003884138,-1000.0,1000.0
O2tpp,O2 transport via diffusion (periplasm),o2_p <=> o2_c,14.73058900388414,-1000.0,1000.0
OCBT,Ornithine carbamoyltransferase,cbp_c + orn_c <=> citr__L_c + h_c + pi_c,0.15464429246414244,-1000.0,1000.0
OHPBAT,O-Phospho-4-hydroxy-L-threonine:2-oxoglutarate aminotransferase,glu__L_c + ohpb_c <=> akg_c + phthr_c,0.00011658759269859534,-1000.0,1000.0
OMCDC,2-Oxo-4-methyl-3-carboxypentanoate decarboxylation,3c4mop_c + h_c --> 4mop_c + co2_c,0.23554405706767195,0.0,1000.0
OMPDC,Orotidine-5'-phosphate decarboxylase,h_c + orot5p_c --> co2_c + ump_c,0.1729443620032818,0.0,1000.0
ORNTA,Ornithine transaminase,akg_c + orn_c <=> glu5sa_c + glu__L_c,-0.15464429246414244,-1000.0,1000.0
ORPT,Orotate phosphoribosyltransferase,orot5p_c + ppi_c <=> orot_c + prpp_c,-0.17294436200328184,-1000.0,1000.0
P5CR,Pyrroline-5-carboxylate reductase,1pyr5c_c + 2.0 h_c + nadph_c --> nadp_c + pro__L_c,0.11557071885196409,0.0,1000.0
PACPT_1,,coa_c + ppad_c <=> amp_c + ppcoa_c,-21.635397703976537,-1000.0,1000.0
PAPPT3,"Phospho-N-acetylmuramoyl-pentapeptide-transferase (meso-2,6-diaminopimelate)",udcpp_c + ugmda_c --> uagmda_c + ump_c,0.052281431703405955,0.0,1000.0
PAPSR,Phosphoadenylyl-sulfate reductase (thioredoxin),paps_c + trdrd_c --> 2.0 h_c + pap_c + so3_c + trdox_c,0.1284617514670762,0.0,1000.0
PAPSSH,PAPSSH,2.0 h_c + pap_c + so4_c <=> h2o_c + paps_c,0.1284617514670762,-1000.0,1000.0
PDHbr,Pyruvate dehydrogenase (dihydrolipoamide) reversible,adhlam_c + coa_c <=> accoa_c + dhlam_c,-0.15189272071358834,-1000.0,1000.0
PDX5POi,Pyridoxine 5'-phosphate oxidase,o2_c + pdx5p_c --> h2o2_c + pydx5p_c,0.00011658759269859534,0.0,1000.0
PDX5PS,Pyridoxine 5'-phosphate synthase,dxyl5p_c + nad_c + phthr_c --> co2_c + 2.0 h2o_c + h_c + nadh_c + pdx5p_c + pi_c,0.00011658759269859534,0.0,1000.0
PERD,Erythronate 4-phosphate (4per) dehydrogenase,4per_c + nad_c <=> h_c + nadh_c + ohpb_c,0.00011658759269859534,-1000.0,1000.0
PGAMT,Phosphoglucosamine mutase,gam1p_c <=> gam6p_c,-0.10456286340681194,-1000.0,1000.0
PGCD,Phosphoglycerate dehydrogenase,3pg_c + nad_c --> 3php_c + h_c + nadh_c,0.7726183960059877,0.0,1000.0
PGK,Phosphoglycerate kinase,3pg_c + atp_c <=> 13dpg_c + adp_c,1.833139483030605,-1000.0,1000.0
PGM,Phosphoglycerate mutase,2pg_c <=> 3pg_c,2.605757879036592,-1000.0,1000.0
PIt2r,Phosphate reversible transport via symport,h_e + pi_e --> h_c + pi_c,0.5119188666670338,0.0,1000.0
PMDPHT,Pyrimidine phosphatase,5aprbu_c + h2o_c --> 4r5au_c + pi_c,0.00023317518539719064,0.0,1000.0
PMPK,Phosphomethylpyrimidine kinase,4ampm_c + atp_c --> 2mahmp_c + adp_c,0.00011658759269859532,0.0,1000.0
PPND,Prephenate dehydrogenase,nad_c + pphn_c --> 34hpp_c + co2_c + nadh_c,0.0722105906544273,0.0,1000.0
PPRGL,Phosphoribosylamine---glycine ligase,atp_c + gly_c + pram_c <=> adp_c + gar_c + h_c + pi_c,0.2337879237767506,-1000.0,1000.0
PRAIS,Phosphoribosylaminoimidazole synthase,atp_c + fpram_c --> adp_c + air_c + h_c + pi_c,0.23378792377675053,0.0,1000.0
PRAIi,Phosphoribosylanthranilate isomerase (irreversible),pran_c --> 2cpr5p_c,0.029718334223167067,0.0,1000.0
PRAMPC,Phosphoribosyl-AMP cyclohydrolase,h2o_c + prbamp_c --> prfp_c,0.04953038276717277,0.0,1000.0
PRASCSi,Phosphoribosylaminoimidazolesuccinocarboxamide synthase,5aizc_c + asp__L_c + atp_c --> 25aics_c + adp_c + h_c + pi_c,0.23367133618405192,0.0,1000.0
PRATPP,Phosphoribosyl-ATP pyrophosphatase,h2o_c + prbatp_c --> h_c + ppi_c + prbamp_c,0.049530382767172774,0.0,1000.0
PRFGS,Phosphoribosylformylglycinamidine synthase,atp_c + fgam_c + gln__L_c + h2o_c --> adp_c + fpram_c + glu__L_c + 2.0 h_c + pi_c,0.23378792377675056,0.0,1000.0
PRMICI,1-(5-phosphoribosyl)-5-[(5-phosphoribosylamino)methylideneamino)imidazole-4-carboxamide isomerase,prfp_c <=> prlp_c,0.04953038276717277,-1000.0,1000.0
PRPPS,Phosphoribosylpyrophosphate synthetase,atp_c + r5p_c <=> amp_c + h_c + prpp_c,0.4871719737846163,-1000.0,1000.0
PSCVT,3-phosphoshikimate 1-carboxyvinyltransferase,pep_c + skm5p_c <=> 3psme_c + pi_c,0.1991378821010022,-1000.0,1000.0
PSERT,Phosphoserine transaminase,3php_c + glu__L_c --> akg_c + pser__L_c,0.7726183960059878,0.0,1000.0
PSP_L,Phosphoserine phosphatase (L-serine),h2o_c + pser__L_c --> pi_c + ser__L_c,0.7726183960059878,0.0,1000.0
PYK,Pyruvate kinase,adp_c + h_c + pep_c --> atp_c + pyr_c,2.1016769574747305,0.0,1000.0
RBFK,Riboflavin kinase,atp_c + ribflv_c --> adp_c + fmn_c + h_c,0.00011658759269859534,0.0,1000.0
RBFSa,Riboflavin synthase,4r5au_c + db4p_c --> dmlz_c + 2.0 h2o_c + pi_c,0.00046635037079438134,0.0,1000.0
RBFSb,Riboflavin synthase,2.0 dmlz_c --> 4r5au_c + ribflv_c,0.00023317518539719067,0.0,1000.0
RNDR2,Ribonucleoside-diphosphate reductase (GDP),gdp_c + trdrd_c --> dgdp_c + h2o_c + trdox_c,0.014124874403309194,0.0,1000.0
RNTR1,Ribonucleoside triphosphate reductase  ATP,atp_c + trdrd_c --> datp_c + h2o_c + trdox_c,0.013679959419513207,0.0,1000.0
RNTR3,Ribonucleoside triphosphate reductase  CTP,ctp_c + trdrd_c --> dctp_c + h2o_c + trdox_c,0.014124874403309192,0.0,1000.0
RNTR4,Ribonucleoside triphosphate reductase  UTP,trdrd_c + utp_c --> dutp_c + h2o_c + trdox_c,0.013679959419513207,0.0,1000.0
RPE,Ribulose 5-phosphate 3-epimerase,ru5p__D_c <=> xu5p__D_c,-0.391510372668174,-1000.0,1000.0
RPI,Ribose-5-phosphate isomerase,r5p_c <=> ru5p__D_c,-0.3910440222973798,-1000.0,1000.0
SDPDS,Succinyl-diaminopimelate desuccinylase,h2o_c + sl26da_c --> 26dap_LL_c + succ_c,0.2316909155511309,0.0,1000.0
SDPTA,Succinyldiaminopimelate transaminase,akg_c + sl26da_c <=> glu__L_c + sl2a6o_c,-0.23169091555113092,-1000.0,1000.0
SHK3Dr,Shikimate dehydrogenase,3dhsk_c + h_c + nadph_c <=> nadp_c + skm_c,0.19913788210100217,-1000.0,1000.0
SHKK,Shikimate kinase,atp_c + skm_c --> adp_c + h_c + skm5p_c,0.1991378821010022,0.0,1000.0
SO4t2,Sulfate transport in via proton symport,h_e + so4_e --> h_c + so4_c,0.13072971997437063,0.0,1000.0
SUCOAS,Succinyl-CoA synthetase (ADP-forming),atp_c + coa_c + succ_c <=> adp_c + pi_c + succoa_c,-4.095025814943653,-1000.0,1000.0
SULR,Sulfite reductase (NADPH2),5.0 h_c + 3.0 nadph_c + so3_c --> 3.0 h2o_c + h2s_c + 3.0 nadp_c,0.1284617514670762,0.0,1000.0
TALA,Transaldolase,g3p_c + s7p_c <=> e4p_c + f6p_c,-0.09612795148723659,-1000.0,1000.0
THDPS,Tetrahydrodipicolinate succinylase,h2o_c + succoa_c + thdp_c --> coa_c + sl2a6o_c,0.23169091555113086,0.0,1000.0
THRD_L,L-threonine deaminase,thr__L_c --> 2obut_c + nh4_c,0.15189272071358834,0.0,1000.0
THRS,Threonine synthase,h2o_c + phom_c --> pi_c + thr__L_c,0.28452391635900787,0.0,1000.0
THZPSN,Thiazole phosphate synthesis,atp_c + cys__L_c + dxyl5p_c + tyr__L_c --> 4hba_c + 4mpetz_c + ala__L_c + amp_c + co2_c + h2o_c + h_c + ppi_c,0.0001165875926985954,0.0,1000.0
TKT1,Transketolase,r5p_c + xu5p__D_c <=> g3p_c + s7p_c,-0.09612795148723659,-1000.0,1000.0
TKT2,Transketolase,e4p_c + xu5p__D_c <=> f6p_c + g3p_c,-0.2953824211809374,-1000.0,1000.0
TMDS,Thymidylate synthase,dump_c + mlthf_c --> dhf_c + dtmp_c,0.013679959419513207,0.0,1000.0
TMPK,Thiamine-phosphate kinase,atp_c + thmmp_c --> adp_c + thmpp_c,0.00011658759269859534,0.0,1000.0
TMPPP,Thiamine-phosphate diphosphorylase,2mahmp_c + 4mpetz_c + h_c --> ppi_c + thmmp_c,0.00011658759269859534,0.0,1000.0
TPI,Triose-phosphate isomerase,dhap_c <=> g3p_c,-0.4960732360749859,-1000.0,1000.0
TRDR,Thioredoxin reductase (NADPH),h_c + nadph_c + trdox_c --> nadp_c + trdrd_c,0.18407141911272024,0.0,1000.0
TRPS2,Tryptophan synthase (indole),indole_c + ser__L_c --> h2o_c + trp__L_c,0.029718334223167057,0.0,1000.0
TRPS3,Tryptophan synthase (indoleglycerol phosphate),3ig3p_c --> g3p_c + indole_c,0.02971833422316706,0.0,1000.0
TYRTA,Tyrosine transaminase,akg_c + tyr__L_c <=> 34hpp_c + glu__L_c,-0.0722105906544273,-1000.0,1000.0
UAAGDS,"UDP-N-acetylmuramoyl-L-alanyl-D-glutamyl-meso-2,6-diaminopimelate synthetase",26dap__M_c + atp_c + uamag_c --> adp_c + h_c + pi_c + ugmd_c,0.052281431703405976,0.0,1000.0
UAGCVT,UDP-N-acetylglucosamine 1-carboxyvinyltransferase,pep_c + uacgam_c --> pi_c + uaccg_c,0.052281431703405976,0.0,1000.0
UAGDP,UDP-N-acetylglucosamine diphosphorylase,acgam1p_c + h_c + utp_c --> ppi_c + uacgam_c,0.10456286340681194,0.0,1000.0
UAGPT3,UDP-N-acetylglucosamine-N-acetylmuramyl-(pentapeptide)pyrophosphoryl-undecaprenol N-acetylglucosamine transferase,uacgam_c + uagmda_c --> h_c + uaagmda_c + udp_c,0.05228143170340596,0.0,1000.0
UAMAGS,UDP-N-acetylmuramoyl-L-alanyl-D-glutamate synthetase,atp_c + glu__D_c + uama_c --> adp_c + h_c + pi_c + uamag_c,0.05228143170340597,0.0,1000.0
UAMAS,UDP-N-acetylmuramoyl-L-alanine synthetase,ala__L_c + atp_c + uamr_c --> adp_c + h_c + pi_c + uama_c,0.05228143170340597,0.0,1000.0
UAPGR,UDP-N-acetylenolpyruvoylglucosamine reductase,h_c + nadph_c + uaccg_c --> nadp_c + uamr_c,0.05228143170340597,0.0,1000.0
UDCPDP,Undecaprenyl-diphosphatase,h2o_c + udcpdp_c --> h_c + pi_c + udcpp_c,0.05228143170340597,0.0,1000.0
UDCPDPS,Undecaprenyl diphosphate synthase,frdp_c + h_c + 8.0 ipdp_c --> 8.0 ppi_c + udcpdp_c,0.05228143170340597,0.0,1000.0
UGMDDS,"UDP-N-acetylmuramoyl-L-alanyl-D-glutamyl-meso-2,6-diaminopimeloyl-D-alanyl-D-alanine synthetase",alaala_c + atp_c + ugmd_c --> adp_c + h_c + pi_c + ugmda_c,0.05228143170340597,0.0,1000.0
UMPK,UMP kinase,atp_c + ump_c <=> adp_c + udp_c,0.2252257937066878,-1000.0,1000.0
URIDK2r,Uridylate kinase (dUMP),atp_c + dump_c <=> adp_c + dudp_c,-0.013679959419513207,-1000.0,1000.0
VALTA,Valine transaminase,akg_c + val__L_c <=> 3mob_c + glu__L_c,0.2355440570676719,-1000.0,1000.0
ilvg,Isoleucine biosynthesi step i,2obut_c + hethmpp_c --> 2ahbut_c + thmpp_c,0.15189272071358836,0.0,1000.0
r2136,Major Facilitator(MFS) TCDB:2.A.1.14.6,na1_e + pi_e --> na1_c + pi_c,0.0027212485201622816,0.0,1000.0
r2465_1,Cation Diffusion Facilitator (Cdf) Tcdb:2.A.4.2.3,zn2_c <-- zn2_e,-0.00017827968210861437,-1000.0,0.0
sink_4hba_c,R_sink_4hba_c,4hba_c --> ,0.0001165875926985954,0.0,1000.0
Growth,Biomass reaction,0.000223 10fthf_c + 0.513689 ala__L_c + 0.000223 amet_c + 0.295792 arg__L_c + 0.241055 asn__L_c + 0.241055 asp__L_c + 54.124831 atp_c + 0.005205 ca2_c + 0.005205 cl_c + 0.000576 coa_c + 0.0001 cobalt2_c + 0.133508 ctp_c + 0.000709 cu2_c + 0.09158 cys__L_c + 0.026166 datp_c + 0.027017 dctp_c + 0.027017 dgtp_c + 0.026166 dttp_c + 0.000223 fad_c + 0.006715 fe2_c + 0.007808 fe3_c + 0.26316 gln__L_c + 0.26316 glu__L_c + 0.612638 gly_c + 0.215096 gtp_c + 48.601527 h2o_c + 0.094738 his__L_c + 0.290529 ile__L_c + 0.195193 k_c + 0.450531 leu__L_c + 0.343161 lys__L_c + 0.153686 met__L_c + 0.008675 mg2_c + 0.000223 mlthf_c + 0.000691 mn2_c + 0.0001 mql8_c + 0.001831 nad_c + 0.000447 nadp_c + 0.185265 phe__L_c + 0.221055 pro__L_c + 0.000223 pydx5p_c + 0.000223 ribflv_c + 0.215792 ser__L_c + 0.004338 so4_c + 0.000223 thf_c + 0.000223 thmpp_c + 0.253687 thr__L_c + 0.056843 trp__L_c + 0.137896 tyr__L_c + 0.1 uaagmda_c + 0.144104 utp_c + 0.423162 val__L_c + 0.000341 zn2_c --> 53.95 adp_c + 53.95 h_c + 53.945662 pi_c + 0.773903 ppi_c,0.5228143170340598,0.0,1000.0
EX_ac_e,Acetate exchange,ac_e <-- ,-19.0,-19.0,-19.0
ACt,Acetate transport via diffusion,ac_e <=> ac_c,19.0,-1000.0,1000.0
SUCD,Succinate dehydrogenase,fad_c + succ_c --> fadh2_c + fum_c,11.2911211066981,0.0,1000.0
MQN8t,Menaquinone-8 transport, <=> mqn8_c,5.2281431703405984e-05,-1000.0,1000.0
DM_coa_c,CoA demand (bootstrap),coa_c <=> ,-0.00030114104661370036,-0.1,1000.0
PEPCK_ATP,PEP carboxykinase (ATP),atp_c + oaa_c --> adp_c + co2_c + pep_c,5.172116906820044,0.0,1000.0
KARI,KARI,alac__S_c + h_c + nadph_c --> dhiv_c + nadp_c,0.45677920909243874,0.0,1000.0
DHAD,DHAD,dhiv_c --> 2kiv_c + h2o_c,0.45677920909243874,0.0,1000.0
BCAT_VAL,BCAT_VAL,2kiv_c + glu__L_c <=> akg_c + val__L_c,0.4567792090924387,-1000.0,1000.0
T_cu2_e_to_cu2_c,T_cu2_e_to_cu2_c,cu2_e <=> cu2_c,0.0003706753507771484,-1000.0,1000.0
EX_nac_e,nac_e exchange,nac_e <=> ,-0.001190971014240321,-1000.0,1000.0
T_nac_e_to_nac_c,Nicotinate transport (e<->c),nac_e <=> nac_c,0.001190971014240321,-1000.0,1000.0
